TDSFU Daily run: Sun Oct 19 10:20:01 UTC 2025 TDSFU
TDSFU Daily run: Mon Oct 20 04:37:00 UTC 2025 TDSFU
TDSFU Daily run: Tue Oct 21 04:34:26 UTC 2025 TDSFU
TDSFU Daily run: Wed Oct 22 04:35:23 UTC 2025 TDSFU
TDSFU Daily run: Thu Oct 23 04:33:51 UTC 2025 TDSFU
TDSFU Daily run: Fri Oct 24 04:33:15 UTC 2025 TDSFU
TDSFU Daily run: Sat Oct 25 04:32:31 UTC 2025 TDSFU
TDSFU Daily run: Sun Oct 26 04:32:52 UTC 2025 TDSFU
TDSFU Daily run: Mon Oct 27 04:41:39 UTC 2025 TDSFU
TDSFU Daily run: Tue Oct 28 04:34:34 UTC 2025 TDSFU
